course_code,course_name,status,prerequisites,corequisites,semester,min_credit_hours
SE1133,Introduction to Programming,Major,,SE1131,1,
SE1131,Introduction to Programming Lab,Major,,SE1133,1,
SEG1612,Applications of Information and Communication Technologies,General,,SEG1612,1,
SEG1611,Applications of Information and Communication Technologies Lab,General,,SEG1612,1,
SEG1513,Calculus and Analytic Geometry,General,,,1,
SEG1022,Ideology and Constitution of Pakistan,General,,,1,
SEG1113,Functional English,General,,,1,
MTCS1003,Basic Mathematics,General,,,1,
SE1143,Object Oriented Programming,Major,SE1133,SE1141,2,
SE1141,Object Oriented Programming Lab,Major,SE1133,SE1143,2,
SEG1012,Islamic Studies/Ethics,General,,,2,
SEG1021,Fehm-ul-Quran I,General,,,2,
SEG1123,Expository Writing,General,SEG1113,,2,
SEG1032,Pakistan Studies,General,,,2,
SEG1573,Discrete Structures,General,,,2,
SEG1312,Applied Physics,General,,SEG1311,2,
SEG1311,Applied Physics Lab,General,,SEG1312,2,
MTCS1103,Basic Mathematics,General,MTCS1003,,2,
SE2143,Data Structures,Major,SE1143,SE2141,3,
SE2141,Data Structures Lab,Major,SE1143,SE2143,3,
SE2313,Introduction to Database Systems,Major,SE1133,SE2311,3,
SE2311,Introduction to Database Systems Lab,Major,SE1133,SE2313,3,
SE2223,Software Engineering,Major,SE1133,,3,
MTSE1033,Linear Algebra,General,SEG1513,,3,
SEG1412,Sociology,General,,,3,
SEG1031,Fehm-ul-Quran II,Allied,,,3,
SEG2812,Civics and Professional Ethics,General,,,4,
SE2512,Digital Logic Design,Major,SE1133,SE2511,4,
SE2511,Digital Logic Design Lab,Major,SE1133,SE2512,4,
SE2262,Software Requirement Engineering,Major,SE2223,SE2261,4,
SE2261,Software Requirement Engineering Lab,Major,SE2223,SE2262,4,
SE2772,Computer Networks,Major,SE1133,SE2771,4,
SE2771,Computer Networks Lab,Major,SE1133,SE2772,4,
MTSE2053,Multivariable Calculus,Allied,,,4,
SE2412,Operating Systems,Major,SE2143,SE2411,4,
SE2411,Operating Systems Lab,Major,SE2143,SE2412,4,
SE3712,Information Security,Major,SE1133,SE3711,5,
SE3711,Information Security Lab,Major,SE1133,SE3712,5,
SE3313,Software Design and Architecture,Major,SE2223,,5,
SE3163,Analysis of Algorithms,Major,SE2143,,5,
SE3522,Computer Organization and Assembly Language,Major,SE1133,SE3521,5,
SE3521,Computer Organization and Assembly Language Lab,Major,SE1133,SE3522,5,
SE3432,Parallel and Distributed Computing,Major,SE1133,SE3431,5,
SE3431,Parallel and Distributed Computing Lab,Major,SE1133,SE3432,5,
SE3272,HCI and Computer Graphics,Major,SE2223,SE3271,5,
SE3271,HCI and Computer Graphics Lab,Major,SE2223,SE3272,5,
SE3612,Software Quality Engineering,Major,SE2223,SE3611,6,
SE3611,Software Quality Engineering Lab,Major,SE2223,SE3612,6,
SE3512,Software Construction and Development,Major,SE3313,SE3511,6,
SE3511,Software Construction and Development Lab,Major,SE3313,SE3512,6,
SE3542,Web Engineering,Major,SE2223,SE3521,6,
SE3541,Web Engineering Lab,Major,SE2223,SE3522,6,
SE3343,Automated Software Testing,Elective,SE2223,,6,
SE3812,Artificial Intelligence,Major,SE2143,SE3811,6,
SE3811,Artificial Intelligence Lab,Major,SE2143,SE3812,6,
SE4272,Software Project Management,Major,SE2223,SE4271,7,
SE4271,Software Project Management Lab,Major,SE2223,SE4272,7,
SE4882,Data Science,Major,SE1133,SE4881,7,
SE4881,Data Science Lab,Major,SE1133,SE4882,7,
SE4912,Design Project (Part-I),D. Project,SE3313,,7,90
SE4192,Mobile Application Development,Major,SE1133,SE4191,7,
SE4191,Mobile Application Development Lab,Major,SE1133,SE4192,7,
SE4743,Internet of Things,Elective,SE2772,,7,
HMSE4033,Technical and Business Writing,Allied,SE1133,SE4882,7,
MGSE1003,Introduction to Management,Core,,,8,
SE4924,Design Project (Part-II),D. Project,SE4912,,8,
SE4573,Blockchain Technology,Elective,SE3713,,8,
